,x,y,button,time
0,594,83,left,2.0392768383026123
1,592,70,left,13.666855096817017
2,583,79,left,10.58242416381836
3,643,37,left,12.570208311080933
4,231,157,left,12.997259378433228
