,x,y,button,time
0,661,50,left,4.220487594604492
1,234,132,left,7.581868886947632
