,x,y,button,time
0,616,66,left,2.348092555999756
1,253,100,left,7.989596128463745
